{
  "posts": [
    {
      "id": 1,
      "title": "json-server",
      "author": "typicode"
    }
  ],
  "comments": [
    {
      "id": 1,
      "body": "some comment",
      "postId": 1
    }
  ],
  "profile": {
    "name": "typicode"
  },
  "todo": [
    {
      "id": 3,
      "todoName": "Learn TypeScript",
      "todoStatus": "Complete"
    },
    {
      "id": 7,
      "todoName": "Testing",
      "todoStatus": "complete"
    },
    {
      "id": 8,
      "todoName": "Angular",
      "todoStatus": "complete"
    },
    {
      "id": 9,
      "todoName": "Angular",
      "todoStatus": "complete"
    },
    {
      "id": 10,
      "todoName": "Angular",
      "todoStatus": "complete"
    },
    {
      "id": 11,
      "todoName": "Angular",
      "todoStatus": "complete"
    }
  ]
}